,energy,initial_rho_pos,initial_zpos,initial_pitch_angle,initial_phi_dir,center_theta,initial_field,initial_radius,center_x,center_y,rho_center,trapped_initial_pitch_angle,max_radius,avg_cycl_freq,zmax,axial_freq,mod_index,segment_power,slope,segment_length,band_power,band_num,segment_num,event_num
0,17800.0,0.0016532740770444838,0.00427101812520862,89.06742981449008,174.7179885238084,88.86787115070526,0.6883934959484115,0.0006591275708695709,0.0015925961334035431,-0.0006563286843007305,0.0017225358591239383,87.86982227312244,0.0006591651970043398,18649380607.60683,0.008477167324551964,27173913.043478288,1.9117563629090413,4.221003296259047e-16,185709826.52502698,0.0005187539520128407,2.451753487904576e-16,-2.0,0.0,0.0
1,17800.0,0.0016532740770444838,0.00427101812520862,89.06742981449008,174.7179885238084,88.86787115070526,0.6883934959484115,0.0006591275708695709,0.0015925961334035431,-0.0006563286843007305,0.0017225358591239383,87.86982227312244,0.0006591651970043398,18676554520.650307,0.008477167324551964,27173913.043478288,1.9117563629090413,4.221003296259047e-16,185709826.52502698,0.0005187539520128407,1.4041971176918792e-16,-1.0,0.0,0.0
2,17800.0,0.0016532740770444838,0.00427101812520862,89.06742981449008,174.7179885238084,88.86787115070526,0.6883934959484115,0.0006591275708695709,0.0015925961334035431,-0.0006563286843007305,0.0017225358591239383,87.86982227312244,0.0006591651970043398,18567858868.476395,0.008477167324551964,27173913.043478288,1.9117563629090413,4.221003296259047e-16,185709826.52502698,0.0005187539520128407,1.4041971176918792e-16,0.0,0.0,0.0
3,17800.0,0.0016532740770444838,0.00427101812520862,89.06742981449008,174.7179885238084,88.86787115070526,0.6883934959484115,0.0006591275708695709,0.0015925961334035431,-0.0006563286843007305,0.0017225358591239383,87.86982227312244,0.0006591651970043398,18595032781.51987,0.008477167324551964,27173913.043478288,1.9117563629090413,4.221003296259047e-16,185709826.52502698,0.0005187539520128407,2.451753487904576e-16,1.0,0.0,0.0
4,17800.0,0.0016532740770444838,0.00427101812520862,89.06742981449008,174.7179885238084,88.86787115070526,0.6883934959484115,0.0006591275708695709,0.0015925961334035431,-0.0006563286843007305,0.0017225358591239383,87.86982227312244,0.0006591651970043398,18622206694.56335,0.008477167324551964,27173913.043478288,1.9117563629090413,4.221003296259047e-16,185709826.52502698,0.0005187539520128407,1.1607254168656555e-16,2.0,0.0,0.0
5,17783.266641962295,0.0016532740770444838,0.00427101812520862,89.06742981449008,174.7179885238084,88.86787115070526,0.6883934959484115,0.0006591275708695709,0.0015925961334035431,-0.0006563286843007305,0.0017225358591239383,87.86982227312244,0.0006591651970043398,18649968289.31715,0.008477167324551964,27173913.043478288,1.911937058245465,4.221003296259047e-16,185721580.31738186,0.0009699532712984887,2.4517314627696275e-16,-2.0,1.0,0.0
6,17783.266641962295,0.0016532740770444838,0.00427101812520862,89.06742981449008,174.7179885238084,88.86787115070526,0.6883934959484115,0.0006591275708695709,0.0015925961334035431,-0.0006563286843007305,0.0017225358591239383,87.86982227312244,0.0006591651970043398,18677142202.360626,0.008477167324551964,27173913.043478288,1.911937058245465,4.221003296259047e-16,185721580.31738186,0.0009699532712984887,1.4043746881544943e-16,-1.0,1.0,0.0
7,17783.266641962295,0.0016532740770444838,0.00427101812520862,89.06742981449008,174.7179885238084,88.86787115070526,0.6883934959484115,0.0006591275708695709,0.0015925961334035431,-0.0006563286843007305,0.0017225358591239383,87.86982227312244,0.0006591651970043398,18568446550.186714,0.008477167324551964,27173913.043478288,1.911937058245465,4.221003296259047e-16,185721580.31738186,0.0009699532712984887,1.4043746881544943e-16,0.0,1.0,0.0
8,17783.266641962295,0.0016532740770444838,0.00427101812520862,89.06742981449008,174.7179885238084,88.86787115070526,0.6883934959484115,0.0006591275708695709,0.0015925961334035431,-0.0006563286843007305,0.0017225358591239383,87.86982227312244,0.0006591651970043398,18595620463.23019,0.008477167324551964,27173913.043478288,1.911937058245465,4.221003296259047e-16,185721580.31738186,0.0009699532712984887,2.4517314627696275e-16,1.0,1.0,0.0
9,17783.266641962295,0.0016532740770444838,0.00427101812520862,89.06742981449008,174.7179885238084,88.86787115070526,0.6883934959484115,0.0006591275708695709,0.0015925961334035431,-0.0006563286843007305,0.0017225358591239383,87.86982227312244,0.0006591651970043398,18622794376.27367,0.008477167324551964,27173913.043478288,1.911937058245465,4.221003296259047e-16,185721580.31738186,0.0009699532712984887,1.160282398433406e-16,2.0,1.0,0.0
10,17764.155876906883,0.0016532740770444838,0.00427101812520862,89.06742981449008,174.7179885238084,88.86787115070526,0.6883934959484115,0.0006591275708695709,0.0015925961334035431,-0.0006563286843007305,0.0017225358591239383,87.86982227312244,0.0006591651970043398,18650347317.43868,0.008477167324551964,26881720.430107553,1.9121434255310947,4.221003296259047e-16,185735005.40543157,0.002945849113438907,2.451706239872733e-16,-2.0,2.0,0.0
11,17764.155876906883,0.0016532740770444838,0.00427101812520862,89.06742981449008,174.7179885238084,88.86787115070526,0.6883934959484115,0.0006591275708695709,0.0015925961334035431,-0.0006563286843007305,0.0017225358591239383,87.86982227312244,0.0006591651970043398,18677229037.868786,0.008477167324551964,26881720.430107553,1.9121434255310947,4.221003296259047e-16,185735005.40543157,0.002945849113438907,1.4045774713641571e-16,-1.0,2.0,0.0
12,17764.155876906883,0.0016532740770444838,0.00427101812520862,89.06742981449008,174.7179885238084,88.86787115070526,0.6883934959484115,0.0006591275708695709,0.0015925961334035431,-0.0006563286843007305,0.0017225358591239383,87.86982227312244,0.0006591651970043398,18569702156.148357,0.008477167324551964,26881720.430107553,1.9121434255310947,4.221003296259047e-16,185735005.40543157,0.002945849113438907,1.4045774713641571e-16,0.0,2.0,0.0
13,17764.155876906883,0.0016532740770444838,0.00427101812520862,89.06742981449008,174.7179885238084,88.86787115070526,0.6883934959484115,0.0006591275708695709,0.0015925961334035431,-0.0006563286843007305,0.0017225358591239383,87.86982227312244,0.0006591651970043398,18596583876.578465,0.008477167324551964,26881720.430107553,1.9121434255310947,4.221003296259047e-16,185735005.40543157,0.002945849113438907,2.451706239872733e-16,1.0,2.0,0.0
14,17764.155876906883,0.0016532740770444838,0.00427101812520862,89.06742981449008,174.7179885238084,88.86787115070526,0.6883934959484115,0.0006591275708695709,0.0015925961334035431,-0.0006563286843007305,0.0017225358591239383,87.86982227312244,0.0006591651970043398,18623465597.00857,0.008477167324551964,26881720.430107553,1.9121434255310947,4.221003296259047e-16,185735005.40543157,0.002945849113438907,1.1597764438676738e-16,2.0,2.0,0.0
15,17734.633951105938,0.0016532740770444838,0.00427101812520862,89.06742981449008,174.7179885238084,88.86787115070526,0.6883934959484115,0.0006591275708695709,0.0015925961334035431,-0.0006563286843007305,0.0017225358591239383,87.86982227312244,0.0006591651970043398,18651384297.155796,0.008477167324551964,26881720.430107553,1.912462216514785,4.221003296259047e-16,185755747.073046,0.0016080945801890967,2.451667132438934e-16,-2.0,3.0,0.0
16,17734.633951105938,0.0016532740770444838,0.00427101812520862,89.06742981449008,174.7179885238084,88.86787115070526,0.6883934959484115,0.0006591275708695709,0.0015925961334035431,-0.0006563286843007305,0.0017225358591239383,87.86982227312244,0.0006591651970043398,18678266017.585903,0.008477167324551964,26881720.430107553,1.912462216514785,4.221003296259047e-16,185755747.073046,0.0016080945801890967,1.4048906937918364e-16,-1.0,3.0,0.0
17,17734.633951105938,0.0016532740770444838,0.00427101812520862,89.06742981449008,174.7179885238084,88.86787115070526,0.6883934959484115,0.0006591275708695709,0.0015925961334035431,-0.0006563286843007305,0.0017225358591239383,87.86982227312244,0.0006591651970043398,18570739135.865475,0.008477167324551964,26881720.430107553,1.912462216514785,4.221003296259047e-16,185755747.073046,0.0016080945801890967,1.4048906937918364e-16,0.0,3.0,0.0
18,17734.633951105938,0.0016532740770444838,0.00427101812520862,89.06742981449008,174.7179885238084,88.86787115070526,0.6883934959484115,0.0006591275708695709,0.0015925961334035431,-0.0006563286843007305,0.0017225358591239383,87.86982227312244,0.0006591651970043398,18597620856.29558,0.008477167324551964,26881720.430107553,1.912462216514785,4.221003296259047e-16,185755747.073046,0.0016080945801890967,2.451667132438934e-16,1.0,3.0,0.0
19,17734.633951105938,0.0016532740770444838,0.00427101812520862,89.06742981449008,174.7179885238084,88.86787115070526,0.6883934959484115,0.0006591275708695709,0.0015925961334035431,-0.0006563286843007305,0.0017225358591239383,87.86982227312244,0.0006591651970043398,18624502576.72569,0.008477167324551964,26881720.430107553,1.912462216514785,4.221003296259047e-16,185755747.073046,0.0016080945801890967,1.1589948682526576e-16,2.0,3.0,0.0
20,17800.0,0.004794691312844391,0.0035615895701514863,88.60420963051392,357.77645208168434,88.50256385699997,0.6883305630131158,0.0006590795413944429,0.004820262604899826,0.0006585832907896501,0.004865045069791541,87.84233254108928,0.0006590687459016633,18645271221.123753,0.013796659466928398,18939393.939393993,3.113463063263194,1.4351149188135207e-16,63140188.22315102,0.0006416744226384943,4.243193565698369e-17,-2.0,0.0,1.0
21,17800.0,0.004794691312844391,0.0035615895701514863,88.60420963051392,357.77645208168434,88.50256385699997,0.6883305630131158,0.0006590795413944429,0.004820262604899826,0.0006585832907896501,0.004865045069791541,87.84233254108928,0.0006590687459016633,18664210615.06315,0.013796659466928398,18939393.939393993,3.113463063263194,1.4351149188135207e-16,63140188.22315102,0.0006416744226384943,6.974799881840306e-17,-1.0,0.0,1.0
22,17800.0,0.004794691312844391,0.0035615895701514863,88.60420963051392,357.77645208168434,88.50256385699997,0.6883305630131158,0.0006590795413944429,0.004820262604899826,0.0006585832907896501,0.004865045069791541,87.84233254108928,0.0006590687459016633,18588453039.305573,0.013796659466928398,18939393.939393993,3.113463063263194,1.4351149188135207e-16,63140188.22315102,0.0006416744226384943,6.974799881840306e-17,0.0,0.0,1.0
23,17800.0,0.004794691312844391,0.0035615895701514863,88.60420963051392,357.77645208168434,88.50256385699997,0.6883305630131158,0.0006590795413944429,0.004820262604899826,0.0006585832907896501,0.004865045069791541,87.84233254108928,0.0006590687459016633,18607392433.24497,0.013796659466928398,18939393.939393993,3.113463063263194,1.4351149188135207e-16,63140188.22315102,0.0006416744226384943,4.243193565698369e-17,1.0,0.0,1.0
24,17800.0,0.004794691312844391,0.0035615895701514863,88.60420963051392,357.77645208168434,88.50256385699997,0.6883305630131158,0.0006590795413944429,0.004820262604899826,0.0006585832907896501,0.004865045069791541,87.84233254108928,0.0006590687459016633,18626331827.18436,0.013796659466928398,18939393.939393993,3.113463063263194,1.4351149188135207e-16,63140188.22315102,0.0006416744226384943,4.249093181950238e-17,2.0,0.0,1.0
25,17784.850468647,0.004794691312844391,0.0035615895701514863,88.60420963051392,357.77645208168434,88.50256385699997,0.6883305630131158,0.0006590795413944429,0.004820262604899826,0.0006585832907896501,0.004865045069791541,87.84233254108928,0.0006590687459016633,18645802808.47272,0.013796659466928398,18939393.939393993,3.1137289594617417,1.4351149188135207e-16,63143806.17802276,0.0038964166100374084,4.241701299657799e-17,-2.0,1.0,1.0
26,17784.850468647,0.004794691312844391,0.0035615895701514863,88.60420963051392,357.77645208168434,88.50256385699997,0.6883305630131158,0.0006590795413944429,0.004820262604899826,0.0006585832907896501,0.004865045069791541,87.84233254108928,0.0006590687459016633,18664742202.412117,0.013796659466928398,18939393.939393993,3.1137289594617417,1.4351149188135207e-16,63143806.17802276,0.0038964166100374084,6.97473666401914e-17,-1.0,1.0,1.0
27,17784.850468647,0.004794691312844391,0.0035615895701514863,88.60420963051392,357.77645208168434,88.50256385699997,0.6883305630131158,0.0006590795413944429,0.004820262604899826,0.0006585832907896501,0.004865045069791541,87.84233254108928,0.0006590687459016633,18588984626.65454,0.013796659466928398,18939393.939393993,3.1137289594617417,1.4351149188135207e-16,63143806.17802276,0.0038964166100374084,6.97473666401914e-17,0.0,1.0,1.0
28,17784.850468647,0.004794691312844391,0.0035615895701514863,88.60420963051392,357.77645208168434,88.50256385699997,0.6883305630131158,0.0006590795413944429,0.004820262604899826,0.0006585832907896501,0.004865045069791541,87.84233254108928,0.0006590687459016633,18607924020.593937,0.013796659466928398,18939393.939393993,3.1137289594617417,1.4351149188135207e-16,63143806.17802276,0.0038964166100374084,4.241701299657799e-17,1.0,1.0,1.0
29,17784.850468647,0.004794691312844391,0.0035615895701514863,88.60420963051392,357.77645208168434,88.50256385699997,0.6883305630131158,0.0006590795413944429,0.004820262604899826,0.0006585832907896501,0.004865045069791541,87.84233254108928,0.0006590687459016633,18626863414.53333,0.013796659466928398,18939393.939393993,3.1137289594617417,1.4351149188135207e-16,63143806.17802276,0.0038964166100374084,4.25022123259826e-17,2.0,1.0,1.0
30,17763.870210591573,0.004794691312844391,0.0035615895701514863,88.60420963051392,357.77645208168434,88.50256385699997,0.6883305630131158,0.0006590795413944429,0.004820262604899826,0.0006585832907896501,0.004865045069791541,87.84233254108928,0.0006590687459016633,18646539038.74256,0.013796659466928398,18939393.939393993,3.114097191623796,1.4351149188135207e-16,63148817.118957974,0.0003693262604221169,4.2396344687296346e-17,-2.0,2.0,1.0
31,17763.870210591573,0.004794691312844391,0.0035615895701514863,88.60420963051392,357.77645208168434,88.50256385699997,0.6883305630131158,0.0006590795413944429,0.004820262604899826,0.0006585832907896501,0.004865045069791541,87.84233254108928,0.0006590687459016633,18665478432.681957,0.013796659466928398,18939393.939393993,3.114097191623796,1.4351149188135207e-16,63148817.118957974,0.0003693262604221169,6.974648646013755e-17,-1.0,2.0,1.0
32,17763.870210591573,0.004794691312844391,0.0035615895701514863,88.60420963051392,357.77645208168434,88.50256385699997,0.6883305630131158,0.0006590795413944429,0.004820262604899826,0.0006585832907896501,0.004865045069791541,87.84233254108928,0.0006590687459016633,18589720856.92438,0.013796659466928398,18939393.939393993,3.114097191623796,1.4351149188135207e-16,63148817.118957974,0.0003693262604221169,6.974648646013755e-17,0.0,2.0,1.0
33,17763.870210591573,0.004794691312844391,0.0035615895701514863,88.60420963051392,357.77645208168434,88.50256385699997,0.6883305630131158,0.0006590795413944429,0.004820262604899826,0.0006585832907896501,0.004865045069791541,87.84233254108928,0.0006590687459016633,18608660250.863777,0.013796659466928398,18939393.939393993,3.114097191623796,1.4351149188135207e-16,63148817.118957974,0.0003693262604221169,4.2396344687296346e-17,1.0,2.0,1.0
34,17763.870210591573,0.004794691312844391,0.0035615895701514863,88.60420963051392,357.77645208168434,88.50256385699997,0.6883305630131158,0.0006590795413944429,0.004820262604899826,0.0006585832907896501,0.004865045069791541,87.84233254108928,0.0006590687459016633,18627599644.80317,0.013796659466928398,18939393.939393993,3.114097191623796,1.4351149188135207e-16,63148817.118957974,0.0003693262604221169,4.2517827829101376e-17,2.0,2.0,1.0
35,17749.208578927817,0.004794691312844391,0.0035615895701514863,88.60420963051392,357.77645208168434,88.50256385699997,0.6883305630131158,0.0006590795413944429,0.004820262604899826,0.0006585832907896501,0.004865045069791541,87.84233254108928,0.0006590687459016633,18647053570.494976,0.013796659466928398,18939393.939393993,3.1143545220793003,1.4351149188135207e-16,63152319.26839604,0.0013035052052895468,4.2381899511699304e-17,-2.0,3.0,1.0
36,17749.208578927817,0.004794691312844391,0.0035615895701514863,88.60420963051392,357.77645208168434,88.50256385699997,0.6883305630131158,0.0006590795413944429,0.004820262604899826,0.0006585832907896501,0.004865045069791541,87.84233254108928,0.0006590687459016633,18665992964.434372,0.013796659466928398,18939393.939393993,3.1143545220793003,1.4351149188135207e-16,63152319.26839604,0.0013035052052895468,6.974586813058799e-17,-1.0,3.0,1.0
37,17749.208578927817,0.004794691312844391,0.0035615895701514863,88.60420963051392,357.77645208168434,88.50256385699997,0.6883305630131158,0.0006590795413944429,0.004820262604899826,0.0006585832907896501,0.004865045069791541,87.84233254108928,0.0006590687459016633,18590235388.676796,0.013796659466928398,18939393.939393993,3.1143545220793003,1.4351149188135207e-16,63152319.26839604,0.0013035052052895468,6.974586813058799e-17,0.0,3.0,1.0
38,17749.208578927817,0.004794691312844391,0.0035615895701514863,88.60420963051392,357.77645208168434,88.50256385699997,0.6883305630131158,0.0006590795413944429,0.004820262604899826,0.0006585832907896501,0.004865045069791541,87.84233254108928,0.0006590687459016633,18609174782.61619,0.013796659466928398,18939393.939393993,3.1143545220793003,1.4351149188135207e-16,63152319.26839604,0.0013035052052895468,4.2381899511699304e-17,1.0,3.0,1.0
39,17749.208578927817,0.004794691312844391,0.0035615895701514863,88.60420963051392,357.77645208168434,88.50256385699997,0.6883305630131158,0.0006590795413944429,0.004820262604899826,0.0006585832907896501,0.004865045069791541,87.84233254108928,0.0006590687459016633,18628114176.555584,0.013796659466928398,18939393.939393993,3.1143545220793003,1.4351149188135207e-16,63152319.26839604,0.0013035052052895468,4.252873584122806e-17,2.0,3.0,1.0
40,17800.0,0.0031004423797711123,0.0032211943750904753,89.13542094538039,86.32037872732538,89.00464438777409,0.6883434825789218,0.0006591877302758855,0.0024426135599010623,4.2304934637119625e-05,0.0024429798833611365,87.83057745419397,0.0006591944147204688,18650629032.408535,0.007128732208777463,29069767.44186048,1.6074921556981714,3.614455614799666e-16,159023786.07516283,0.0006705085928337583,2.0625088402580736e-16,-2.0,0.0,2.0
41,17800.0,0.0031004423797711123,0.0032211943750904753,89.13542094538039,86.32037872732538,89.00464438777409,0.6883434825789218,0.0006591877302758855,0.0024426135599010623,4.2304934637119625e-05,0.0024429798833611365,87.83057745419397,0.0006591944147204688,18679698799.850395,0.007128732208777463,29069767.44186048,1.6074921556981714,3.614455614799666e-16,159023786.07516283,0.0006705085928337583,9.355318019684648e-17,-1.0,0.0,2.0
42,17800.0,0.0031004423797711123,0.0032211943750904753,89.13542094538039,86.32037872732538,89.00464438777409,0.6883434825789218,0.0006591877302758855,0.0024426135599010623,4.2304934637119625e-05,0.0024429798833611365,87.83057745419397,0.0006591944147204688,18563419730.082954,0.007128732208777463,29069767.44186048,1.6074921556981714,3.614455614799666e-16,159023786.07516283,0.0006705085928337583,9.355318019684648e-17,0.0,0.0,2.0
43,17800.0,0.0031004423797711123,0.0032211943750904753,89.13542094538039,86.32037872732538,89.00464438777409,0.6883434825789218,0.0006591877302758855,0.0024426135599010623,4.2304934637119625e-05,0.0024429798833611365,87.83057745419397,0.0006591944147204688,18592489497.524815,0.007128732208777463,29069767.44186048,1.6074921556981714,3.614455614799666e-16,159023786.07516283,0.0006705085928337583,2.0625088402580736e-16,1.0,0.0,2.0
44,17800.0,0.0031004423797711123,0.0032211943750904753,89.13542094538039,86.32037872732538,89.00464438777409,0.6883434825789218,0.0006591877302758855,0.0024426135599010623,4.2304934637119625e-05,0.0024429798833611365,87.83057745419397,0.0006591944147204688,18621559264.966675,0.007128732208777463,29069767.44186048,1.6074921556981714,3.614455614799666e-16,159023786.07516283,0.0006705085928337583,1.6305881420038625e-16,2.0,0.0,2.0
45,17782.974712470637,0.0031004423797711123,0.0032211943750904753,89.13542094538039,86.32037872732538,89.00464438777409,0.6883434825789218,0.0006591877302758855,0.0024426135599010623,4.2304934637119625e-05,0.0024429798833611365,87.83057745419397,0.0006591944147204688,18651227276.2959,0.007128732208777463,29069767.44186048,1.6076468500521668,3.614455614799666e-16,159034026.47537747,0.0037329906881486785,2.0625625831889815e-16,-2.0,1.0,2.0
46,17782.974712470637,0.0031004423797711123,0.0032211943750904753,89.13542094538039,86.32037872732538,89.00464438777409,0.6883434825789218,0.0006591877302758855,0.0024426135599010623,4.2304934637119625e-05,0.0024429798833611365,87.83057745419397,0.0006591944147204688,18680297043.73776,0.007128732208777463,29069767.44186048,1.6076468500521668,3.614455614799666e-16,159034026.47537747,0.0037329906881486785,9.35670801168972e-17,-1.0,1.0,2.0
47,17782.974712470637,0.0031004423797711123,0.0032211943750904753,89.13542094538039,86.32037872732538,89.00464438777409,0.6883434825789218,0.0006591877302758855,0.0024426135599010623,4.2304934637119625e-05,0.0024429798833611365,87.83057745419397,0.0006591944147204688,18564017973.970318,0.007128732208777463,29069767.44186048,1.6076468500521668,3.614455614799666e-16,159034026.47537747,0.0037329906881486785,9.35670801168972e-17,0.0,1.0,2.0
48,17782.974712470637,0.0031004423797711123,0.0032211943750904753,89.13542094538039,86.32037872732538,89.00464438777409,0.6883434825789218,0.0006591877302758855,0.0024426135599010623,4.2304934637119625e-05,0.0024429798833611365,87.83057745419397,0.0006591944147204688,18593087741.412178,0.007128732208777463,29069767.44186048,1.6076468500521668,3.614455614799666e-16,159034026.47537747,0.0037329906881486785,2.0625625831889815e-16,1.0,1.0,2.0
49,17782.974712470637,0.0031004423797711123,0.0032211943750904753,89.13542094538039,86.32037872732538,89.00464438777409,0.6883434825789218,0.0006591877302758855,0.0024426135599010623,4.2304934637119625e-05,0.0024429798833611365,87.83057745419397,0.0006591944147204688,18622157508.85404,0.007128732208777463,29069767.44186048,1.6076468500521668,3.614455614799666e-16,159034026.47537747,0.0037329906881486785,1.6302690793738886e-16,2.0,1.0,2.0
50,17752.131721498128,0.0031004423797711123,0.0032211943750904753,89.13542094538039,86.32037872732538,89.00464438777409,0.6883434825789218,0.0006591877302758855,0.0024426135599010623,4.2304934637119625e-05,0.0024429798833611365,87.83057745419397,0.0006591944147204688,18652311148.7644,0.007128732208777463,29069767.44186048,1.6079270933572376,3.614455614799666e-16,159052580.49171382,0.0007802568016167391,2.0626598533085557e-16,-2.0,2.0,2.0
51,17752.131721498128,0.0031004423797711123,0.0032211943750904753,89.13542094538039,86.32037872732538,89.00464438777409,0.6883434825789218,0.0006591877302758855,0.0024426135599010623,4.2304934637119625e-05,0.0024429798833611365,87.83057745419397,0.0006591944147204688,18681380916.20626,0.007128732208777463,29069767.44186048,1.6079270933572376,3.614455614799666e-16,159052580.49171382,0.0007802568016167391,9.359226083993442e-17,-1.0,2.0,2.0
52,17752.131721498128,0.0031004423797711123,0.0032211943750904753,89.13542094538039,86.32037872732538,89.00464438777409,0.6883434825789218,0.0006591877302758855,0.0024426135599010623,4.2304934637119625e-05,0.0024429798833611365,87.83057745419397,0.0006591944147204688,18565101846.43882,0.007128732208777463,29069767.44186048,1.6079270933572376,3.614455614799666e-16,159052580.49171382,0.0007802568016167391,9.359226083993442e-17,0.0,2.0,2.0
53,17752.131721498128,0.0031004423797711123,0.0032211943750904753,89.13542094538039,86.32037872732538,89.00464438777409,0.6883434825789218,0.0006591877302758855,0.0024426135599010623,4.2304934637119625e-05,0.0024429798833611365,87.83057745419397,0.0006591944147204688,18594171613.88068,0.007128732208777463,29069767.44186048,1.6079270933572376,3.614455614799666e-16,159052580.49171382,0.0007802568016167391,2.0626598533085557e-16,1.0,2.0,2.0
54,17752.131721498128,0.0031004423797711123,0.0032211943750904753,89.13542094538039,86.32037872732538,89.00464438777409,0.6883434825789218,0.0006591877302758855,0.0024426135599010623,4.2304934637119625e-05,0.0024429798833611365,87.83057745419397,0.0006591944147204688,18623241381.32254,0.007128732208777463,29069767.44186048,1.6079270933572376,3.614455614799666e-16,159052580.49171382,0.0007802568016167391,1.6296910463862945e-16,2.0,2.0,2.0
55,17734.611257783177,0.0031004423797711123,0.0032211943750904753,89.13542094538039,86.32037872732538,89.00464438777409,0.6883434825789218,0.0006591877302758855,0.0024426135599010623,4.2304934637119625e-05,0.0024429798833611365,87.83057745419397,0.0006591944147204688,18652926900.393982,0.007128732208777463,29069767.44186048,1.6080862860404628,3.614455614799666e-16,159063121.6086015,0.00771163109785469,2.0627150559772336e-16,-2.0,3.0,2.0
56,17734.611257783177,0.0031004423797711123,0.0032211943750904753,89.13542094538039,86.32037872732538,89.00464438777409,0.6883434825789218,0.0006591877302758855,0.0024426135599010623,4.2304934637119625e-05,0.0024429798833611365,87.83057745419397,0.0006591944147204688,18681996667.835842,0.007128732208777463,29069767.44186048,1.6080862860404628,3.614455614799666e-16,159063121.6086015,0.00771163109785469,9.360656462888666e-17,-1.0,3.0,2.0
57,17734.611257783177,0.0031004423797711123,0.0032211943750904753,89.13542094538039,86.32037872732538,89.00464438777409,0.6883434825789218,0.0006591877302758855,0.0024426135599010623,4.2304934637119625e-05,0.0024429798833611365,87.83057745419397,0.0006591944147204688,18565717598.0684,0.007128732208777463,29069767.44186048,1.6080862860404628,3.614455614799666e-16,159063121.6086015,0.00771163109785469,9.360656462888666e-17,0.0,3.0,2.0
58,17734.611257783177,0.0031004423797711123,0.0032211943750904753,89.13542094538039,86.32037872732538,89.00464438777409,0.6883434825789218,0.0006591877302758855,0.0024426135599010623,4.2304934637119625e-05,0.0024429798833611365,87.83057745419397,0.0006591944147204688,18594787365.51026,0.007128732208777463,29069767.44186048,1.6080862860404628,3.614455614799666e-16,159063121.6086015,0.00771163109785469,2.0627150559772336e-16,1.0,3.0,2.0
59,17734.611257783177,0.0031004423797711123,0.0032211943750904753,89.13542094538039,86.32037872732538,89.00464438777409,0.6883434825789218,0.0006591877302758855,0.0024426135599010623,4.2304934637119625e-05,0.0024429798833611365,87.83057745419397,0.0006591944147204688,18623857132.95212,0.007128732208777463,29069767.44186048,1.6080862860404628,3.614455614799666e-16,159063121.6086015,0.00771163109785469,1.6293626816352377e-16,2.0,3.0,2.0
60,17800.0,0.0046918898018427435,-0.0007624324434804611,89.25965812040597,66.74579852826255,89.25007478104536,0.6882532694200589,0.0006592941567462095,0.0040861552115267295,0.0002602967368492854,0.004094437544266787,87.77845619721225,0.0006592374257992267,18652316323.08341,0.0050778940938698,32051282.051282045,1.144800384819343,2.048234233997794e-16,90115358.26457876,0.007311188675893568,9.905507449102012e-17,-2.0,0.0,3.0
61,17800.0,0.0046918898018427435,-0.0007624324434804611,89.25965812040597,66.74579852826255,89.25007478104536,0.6882532694200589,0.0006592941567462095,0.0040861552115267295,0.0002602967368492854,0.004094437544266787,87.77845619721225,0.0006592374257992267,18684367605.134693,0.0050778940938698,32051282.051282045,1.144800384819343,2.048234233997794e-16,90115358.26457876,0.007311188675893568,3.003661958883675e-17,-1.0,0.0,3.0
62,17800.0,0.0046918898018427435,-0.0007624324434804611,89.25965812040597,66.74579852826255,89.25007478104536,0.6882532694200589,0.0006592941567462095,0.0040861552115267295,0.0002602967368492854,0.004094437544266787,87.77845619721225,0.0006592374257992267,18556162476.92956,0.0050778940938698,32051282.051282045,1.144800384819343,2.048234233997794e-16,90115358.26457876,0.007311188675893568,3.003661958883675e-17,0.0,0.0,3.0
63,17800.0,0.0046918898018427435,-0.0007624324434804611,89.25965812040597,66.74579852826255,89.25007478104536,0.6882532694200589,0.0006592941567462095,0.0040861552115267295,0.0002602967368492854,0.004094437544266787,87.77845619721225,0.0006592374257992267,18588213758.980846,0.0050778940938698,32051282.051282045,1.144800384819343,2.048234233997794e-16,90115358.26457876,0.007311188675893568,9.905507449102012e-17,1.0,0.0,3.0
64,17800.0,0.0046918898018427435,-0.0007624324434804611,89.25965812040597,66.74579852826255,89.25007478104536,0.6882532694200589,0.0006592941567462095,0.0040861552115267295,0.0002602967368492854,0.004094437544266787,87.77845619721225,0.0006592374257992267,18620265041.032127,0.0050778940938698,32051282.051282045,1.144800384819343,2.048234233997794e-16,90115358.26457876,0.007311188675893568,1.4301551387397938e-16,2.0,0.0,3.0
65,17767.306654816814,0.0046918898018427435,-0.0007624324434804611,89.25965812040597,66.74579852826255,89.25007478104536,0.6882532694200589,0.0006592941567462095,0.0040861552115267295,0.0002602967368492854,0.004094437544266787,87.77845619721225,0.0006592374257992267,18653466101.782013,0.0050778940938698,32051282.051282045,1.1450121863986489,2.048234233997794e-16,90126502.18141207,0.0035993788800293774,9.906703741178125e-17,-2.0,1.0,3.0
66,17767.306654816814,0.0046918898018427435,-0.0007624324434804611,89.25965812040597,66.74579852826255,89.25007478104536,0.6882532694200589,0.0006592941567462095,0.0040861552115267295,0.0002602967368492854,0.004094437544266787,87.77845619721225,0.0006592374257992267,18685517383.833298,0.0050778940938698,32051282.051282045,1.1450121863986489,2.048234233997794e-16,90126502.18141207,0.0035993788800293774,3.0046485821800576e-17,-1.0,1.0,3.0
67,17767.306654816814,0.0046918898018427435,-0.0007624324434804611,89.25965812040597,66.74579852826255,89.25007478104536,0.6882532694200589,0.0006592941567462095,0.0040861552115267295,0.0002602967368492854,0.004094437544266787,87.77845619721225,0.0006592374257992267,18557312255.628166,0.0050778940938698,32051282.051282045,1.1450121863986489,2.048234233997794e-16,90126502.18141207,0.0035993788800293774,3.0046485821800576e-17,0.0,1.0,3.0
68,17767.306654816814,0.0046918898018427435,-0.0007624324434804611,89.25965812040597,66.74579852826255,89.25007478104536,0.6882532694200589,0.0006592941567462095,0.0040861552115267295,0.0002602967368492854,0.004094437544266787,87.77845619721225,0.0006592374257992267,18589363537.67945,0.0050778940938698,32051282.051282045,1.1450121863986489,2.048234233997794e-16,90126502.18141207,0.0035993788800293774,9.906703741178125e-17,1.0,1.0,3.0
69,17767.306654816814,0.0046918898018427435,-0.0007624324434804611,89.25965812040597,66.74579852826255,89.25007478104536,0.6882532694200589,0.0006592941567462095,0.0040861552115267295,0.0002602967368492854,0.004094437544266787,87.77845619721225,0.0006592374257992267,18621414819.730732,0.0050778940938698,32051282.051282045,1.1450121863986489,2.048234233997794e-16,90126502.18141207,0.0035993788800293774,1.4299453258582349e-16,2.0,1.0,3.0
70,17744.103714661363,0.0046918898018427435,-0.0007624324434804611,89.25965812040597,66.74579852826255,89.25007478104536,0.6882532694200589,0.0006592941567462095,0.0040861552115267295,0.0002602967368492854,0.004094437544266787,87.77845619721225,0.0006592374257992267,18653876488.727936,0.0050778940938698,31645569.62025316,1.1451625048285654,2.048234233997794e-16,90134412.43462908,0.004419237168451572,9.907552567551227e-17,-2.0,2.0,3.0
71,17744.103714661363,0.0046918898018427435,-0.0007624324434804611,89.25965812040597,66.74579852826255,89.25007478104536,0.6882532694200589,0.0006592941567462095,0.0040861552115267295,0.0002602967368492854,0.004094437544266787,87.77845619721225,0.0006592374257992267,18685522058.348186,0.0050778940938698,31645569.62025316,1.1451625048285654,2.048234233997794e-16,90134412.43462908,0.004419237168451572,3.0053488589994754e-17,-1.0,2.0,3.0
72,17744.103714661363,0.0046918898018427435,-0.0007624324434804611,89.25965812040597,66.74579852826255,89.25007478104536,0.6882532694200589,0.0006592941567462095,0.0040861552115267295,0.0002602967368492854,0.004094437544266787,87.77845619721225,0.0006592374257992267,18558939779.867176,0.0050778940938698,31645569.62025316,1.1451625048285654,2.048234233997794e-16,90134412.43462908,0.004419237168451572,3.0053488589994754e-17,0.0,2.0,3.0
73,17744.103714661363,0.0046918898018427435,-0.0007624324434804611,89.25965812040597,66.74579852826255,89.25007478104536,0.6882532694200589,0.0006592941567462095,0.0040861552115267295,0.0002602967368492854,0.004094437544266787,87.77845619721225,0.0006592374257992267,18590585349.487427,0.0050778940938698,31645569.62025316,1.1451625048285654,2.048234233997794e-16,90134412.43462908,0.004419237168451572,9.907552567551227e-17,1.0,2.0,3.0
74,17744.103714661363,0.0046918898018427435,-0.0007624324434804611,89.25965812040597,66.74579852826255,89.25007478104536,0.6882532694200589,0.0006592941567462095,0.0040861552115267295,0.0002602967368492854,0.004094437544266787,87.77845619721225,0.0006592374257992267,18622230919.10768,0.0050778940938698,31645569.62025316,1.1451625048285654,2.048234233997794e-16,90134412.43462908,0.004419237168451572,1.4297964034631146e-16,2.0,2.0,3.0
75,17718.80454984722,0.0046918898018427435,-0.0007624324434804611,89.25965812040597,66.74579852826255,89.25007478104536,0.6882532694200589,0.0006592941567462095,0.0040861552115267295,0.0002602967368492854,0.004094437544266787,87.77845619721225,0.0006592374257992267,18654766397.259594,0.0050778940938698,31645569.62025316,1.145326403285989,2.048234233997794e-16,90143038.51118058,0.006552392643942025,9.908477890829399e-17,-2.0,3.0,3.0
76,17718.80454984722,0.0046918898018427435,-0.0007624324434804611,89.25965812040597,66.74579852826255,89.25007478104536,0.6882532694200589,0.0006592941567462095,0.0040861552115267295,0.0002602967368492854,0.004094437544266787,87.77845619721225,0.0006592374257992267,18686411966.879845,0.0050778940938698,31645569.62025316,1.145326403285989,2.048234233997794e-16,90143038.51118058,0.006552392643942025,3.0061124539417696e-17,-1.0,3.0,3.0
77,17718.80454984722,0.0046918898018427435,-0.0007624324434804611,89.25965812040597,66.74579852826255,89.25007478104536,0.6882532694200589,0.0006592941567462095,0.0040861552115267295,0.0002602967368492854,0.004094437544266787,87.77845619721225,0.0006592374257992267,18559829688.398834,0.0050778940938698,31645569.62025316,1.145326403285989,2.048234233997794e-16,90143038.51118058,0.006552392643942025,3.0061124539417696e-17,0.0,3.0,3.0
78,17718.80454984722,0.0046918898018427435,-0.0007624324434804611,89.25965812040597,66.74579852826255,89.25007478104536,0.6882532694200589,0.0006592941567462095,0.0040861552115267295,0.0002602967368492854,0.004094437544266787,87.77845619721225,0.0006592374257992267,18591475258.019085,0.0050778940938698,31645569.62025316,1.145326403285989,2.048234233997794e-16,90143038.51118058,0.006552392643942025,9.908477890829399e-17,1.0,3.0,3.0
79,17718.80454984722,0.0046918898018427435,-0.0007624324434804611,89.25965812040597,66.74579852826255,89.25007478104536,0.6882532694200589,0.0006592941567462095,0.0040861552115267295,0.0002602967368492854,0.004094437544266787,87.77845619721225,0.0006592374257992267,18623120827.63934,0.0050778940938698,31645569.62025316,1.145326403285989,2.048234233997794e-16,90143038.51118058,0.006552392643942025,1.429634012621628e-16,2.0,3.0,3.0
80,17800.0,0.00535990784303571,-0.00363848024532346,89.54838539802478,87.83844088920912,89.28576881085623,0.6883229290066827,0.0006592619919391904,0.004701114951168943,2.4865631732397835e-05,0.004701180711666552,87.84512185211871,0.000659242673572052,18652202871.20392,0.004806256033219179,32051282.051282045,1.0835403814359865,1.5622624978098077e-16,68734250.38827768,0.0021945114072679122,7.281035601668442e-17,-2.0,0.0,4.0
81,17800.0,0.00535990784303571,-0.00363848024532346,89.54838539802478,87.83844088920912,89.28576881085623,0.6883229290066827,0.0006592619919391904,0.004701114951168943,2.4865631732397835e-05,0.004701180711666552,87.84512185211871,0.000659242673572052,18684254153.255203,0.004806256033219179,32051282.051282045,1.0835403814359865,1.5622624978098077e-16,68734250.38827768,0.0021945114072679122,2.0764903784376702e-17,-1.0,0.0,4.0
82,17800.0,0.00535990784303571,-0.00363848024532346,89.54838539802478,87.83844088920912,89.28576881085623,0.6883229290066827,0.0006592619919391904,0.004701114951168943,2.4865631732397835e-05,0.004701180711666552,87.84512185211871,0.000659242673572052,18556049025.05007,0.004806256033219179,32051282.051282045,1.0835403814359865,1.5622624978098077e-16,68734250.38827768,0.0021945114072679122,2.0764903784376702e-17,0.0,0.0,4.0
83,17800.0,0.00535990784303571,-0.00363848024532346,89.54838539802478,87.83844088920912,89.28576881085623,0.6883229290066827,0.0006592619919391904,0.004701114951168943,2.4865631732397835e-05,0.004701180711666552,87.84512185211871,0.000659242673572052,18588100307.101357,0.004806256033219179,32051282.051282045,1.0835403814359865,1.5622624978098077e-16,68734250.38827768,0.0021945114072679122,7.281035601668442e-17,1.0,0.0,4.0
84,17800.0,0.00535990784303571,-0.00363848024532346,89.54838539802478,87.83844088920912,89.28576881085623,0.6883229290066827,0.0006592619919391904,0.004701114951168943,2.4865631732397835e-05,0.004701180711666552,87.84512185211871,0.000659242673572052,18620151589.152637,0.004806256033219179,32051282.051282045,1.0835403814359865,1.5622624978098077e-16,68734250.38827768,0.0021945114072679122,1.1362852956453241e-16,2.0,0.0,4.0
85,17781.720320331096,0.00535990784303571,-0.00363848024532346,89.54838539802478,87.83844088920912,89.28576881085623,0.6883229290066827,0.0006592619919391904,0.004701114951168943,2.4865631732397835e-05,0.004701180711666552,87.84512185211871,0.000659242673572052,18652845793.05043,0.004806256033219179,32051282.051282045,1.083652483462163,1.5622624978098077e-16,68739002.68679063,0.0012722286238596484,7.281556077989724e-17,-2.0,1.0,4.0
86,17781.720320331096,0.00535990784303571,-0.00363848024532346,89.54838539802478,87.83844088920912,89.28576881085623,0.6883229290066827,0.0006592619919391904,0.004701114951168943,2.4865631732397835e-05,0.004701180711666552,87.84512185211871,0.000659242673572052,18684897075.101715,0.004806256033219179,32051282.051282045,1.083652483462163,1.5622624978098077e-16,68739002.68679063,0.0012722286238596484,2.0768769453693053e-17,-1.0,1.0,4.0
87,17781.720320331096,0.00535990784303571,-0.00363848024532346,89.54838539802478,87.83844088920912,89.28576881085623,0.6883229290066827,0.0006592619919391904,0.004701114951168943,2.4865631732397835e-05,0.004701180711666552,87.84512185211871,0.000659242673572052,18556691946.896584,0.004806256033219179,32051282.051282045,1.083652483462163,1.5622624978098077e-16,68739002.68679063,0.0012722286238596484,2.0768769453693053e-17,0.0,1.0,4.0
88,17781.720320331096,0.00535990784303571,-0.00363848024532346,89.54838539802478,87.83844088920912,89.28576881085623,0.6883229290066827,0.0006592619919391904,0.004701114951168943,2.4865631732397835e-05,0.004701180711666552,87.84512185211871,0.000659242673572052,18588743228.94787,0.004806256033219179,32051282.051282045,1.083652483462163,1.5622624978098077e-16,68739002.68679063,0.0012722286238596484,7.281556077989724e-17,1.0,1.0,4.0
89,17781.720320331096,0.00535990784303571,-0.00363848024532346,89.54838539802478,87.83844088920912,89.28576881085623,0.6883229290066827,0.0006592619919391904,0.004701114951168943,2.4865631732397835e-05,0.004701180711666552,87.84512185211871,0.000659242673572052,18620794510.99915,0.004806256033219179,32051282.051282045,1.083652483462163,1.5622624978098077e-16,68739002.68679063,0.0012722286238596484,1.1362036708435779e-16,2.0,1.0,4.0
90,17765.23925281069,0.00535990784303571,-0.00363848024532346,89.54838539802478,87.83844088920912,89.28576881085623,0.6883229290066827,0.0006592619919391904,0.004701114951168943,2.4865631732397835e-05,0.004701180711666552,87.84512185211871,0.000659242673572052,18653425492.704506,0.004806256033219179,32051282.051282045,1.0837535552297624,1.5622624978098077e-16,68743287.8098121,0.009017605319254747,7.282025284340914e-17,-2.0,2.0,4.0
91,17765.23925281069,0.00535990784303571,-0.00363848024532346,89.54838539802478,87.83844088920912,89.28576881085623,0.6883229290066827,0.0006592619919391904,0.004701114951168943,2.4865631732397835e-05,0.004701180711666552,87.84512185211871,0.000659242673572052,18685476774.75579,0.004806256033219179,32051282.051282045,1.0837535552297624,1.5622624978098077e-16,68743287.8098121,0.009017605319254747,2.0772254956738175e-17,-1.0,2.0,4.0
92,17765.23925281069,0.00535990784303571,-0.00363848024532346,89.54838539802478,87.83844088920912,89.28576881085623,0.6883229290066827,0.0006592619919391904,0.004701114951168943,2.4865631732397835e-05,0.004701180711666552,87.84512185211871,0.000659242673572052,18557271646.55066,0.004806256033219179,32051282.051282045,1.0837535552297624,1.5622624978098077e-16,68743287.8098121,0.009017605319254747,2.0772254956738175e-17,0.0,2.0,4.0
93,17765.23925281069,0.00535990784303571,-0.00363848024532346,89.54838539802478,87.83844088920912,89.28576881085623,0.6883229290066827,0.0006592619919391904,0.004701114951168943,2.4865631732397835e-05,0.004701180711666552,87.84512185211871,0.000659242673572052,18589322928.601944,0.004806256033219179,32051282.051282045,1.0837535552297624,1.5622624978098077e-16,68743287.8098121,0.009017605319254747,7.282025284340914e-17,1.0,2.0,4.0
94,17765.23925281069,0.00535990784303571,-0.00363848024532346,89.54838539802478,87.83844088920912,89.28576881085623,0.6883229290066827,0.0006592619919391904,0.004701114951168943,2.4865631732397835e-05,0.004701180711666552,87.84512185211871,0.000659242673572052,18621374210.653225,0.004806256033219179,32051282.051282045,1.0837535552297624,1.5622624978098077e-16,68743287.8098121,0.009017605319254747,1.1361300724979882e-16,2.0,2.0,4.0
95,17733.653350992543,0.00535990784303571,-0.00363848024532346,89.54838539802478,87.83844088920912,89.28576881085623,0.6883229290066827,0.0006592619919391904,0.004701114951168943,2.4865631732397835e-05,0.004701180711666552,87.84512185211871,0.000659242673572052,18654536584.247143,0.004806256033219179,32051282.051282045,1.083947258662173,1.5622624978098077e-16,68751501.35133289,0.004563134492464773,7.282924362300018e-17,-2.0,3.0,4.0
96,17733.653350992543,0.00535990784303571,-0.00363848024532346,89.54838539802478,87.83844088920912,89.28576881085623,0.6883229290066827,0.0006592619919391904,0.004701114951168943,2.4865631732397835e-05,0.004701180711666552,87.84512185211871,0.000659242673572052,18686587866.298428,0.004806256033219179,32051282.051282045,1.083947258662173,1.5622624978098077e-16,68751501.35133289,0.004563134492464773,2.0778935420406307e-17,-1.0,3.0,4.0
97,17733.653350992543,0.00535990784303571,-0.00363848024532346,89.54838539802478,87.83844088920912,89.28576881085623,0.6883229290066827,0.0006592619919391904,0.004701114951168943,2.4865631732397835e-05,0.004701180711666552,87.84512185211871,0.000659242673572052,18558382738.093296,0.004806256033219179,32051282.051282045,1.083947258662173,1.5622624978098077e-16,68751501.35133289,0.004563134492464773,2.0778935420406307e-17,0.0,3.0,4.0
98,17733.653350992543,0.00535990784303571,-0.00363848024532346,89.54838539802478,87.83844088920912,89.28576881085623,0.6883229290066827,0.0006592619919391904,0.004701114951168943,2.4865631732397835e-05,0.004701180711666552,87.84512185211871,0.000659242673572052,18590434020.14458,0.004806256033219179,32051282.051282045,1.083947258662173,1.5622624978098077e-16,68751501.35133289,0.004563134492464773,7.282924362300018e-17,1.0,3.0,4.0
99,17733.653350992543,0.00535990784303571,-0.00363848024532346,89.54838539802478,87.83844088920912,89.28576881085623,0.6883229290066827,0.0006592619919391904,0.004701114951168943,2.4865631732397835e-05,0.004701180711666552,87.84512185211871,0.000659242673572052,18622485302.19586,0.004806256033219179,32051282.051282045,1.083947258662173,1.5622624978098077e-16,68751501.35133289,0.004563134492464773,1.1359890084606909e-16,2.0,3.0,4.0
